"item2","item5","item8","item10","item11","item14"
"item2","item7","item8","item10","item13","item14"
"item2","item5","item7"
"item2","item5","item7","item8","item10","item12"
"item2","item3","item7","item10","item11","item12","item13","item14"
"item2","item5","item6","item8","item10","item11"
"item2","item5","item8","item11","item12","item13"
"item8","item11","item12","item13"
"item2","item3","item4","item7","item8"
"item2","item3","item5","item6","item7","item8","item10","item12","item13"
"item2","item6","item7","item10","item12","item14"
"item7","item10","item11","item12"
"item2","item5","item7","item10","item11"
"item2","item3","item5","item8","item9","item13"
"item5","item10","item13"
"item2","item3","item6","item7","item8","item10","item14"
"item6","item7","item10"
"item3","item8","item14"
"item2","item5","item7","item8","item9","item10","item11","item13"
"item2","item5","item6","item7","item10"
"item2","item7","item8","item10","item11","item13","item14"
"item2","item5","item7","item8","item10","item13","item14"
"item6","item10","item13","item14"
"item7","item12"
"item2","item6","item7"
"item2","item8","item10","item11","item12","item13","item14"
"item2","item10","item11","item14"
"item2","item5","item7","item10","item11","item14"
"item2","item8","item10","item11","item14"
"item2","item3","item5","item8","item11","item12","item13"
"item2","item7","item8","item9","item10","item11","item14"
"item6","item10","item11"
"item2","item5","item8","item10","item11","item12"
"item2","item6","item8","item14"
"item2","item6","item7"
"item5","item6","item7","item9"
"item2","item5","item10","item11"
"item12"
"item2","item5","item6","item7","item8","item10","item13","item14"
"item2","item6","item7","item8","item11"
"item6","item8","item10"
"item2","item8","item12"
"item5","item8","item10","item13","item14"
"item2","item5","item8","item9","item10","item13"
"item2","item5","item7","item8","item9","item10","item11","item13"
"item2","item5","item7","item8","item9","item13"
"item2","item6","item7","item10","item12"
"item2","item5","item11"
"item8","item14"
"item5","item6","item7","item9","item10"
"item2","item5","item6","item7","item8","item10","item11","item12","item13"
"item6","item10"
"item2","item10"
"item3","item11","item14"
"item7","item10","item11","item12"
"item2","item4","item7","item8","item10"
"item2","item10","item11","item14"
"item2","item7","item10","item11"
"item2","item8","item10","item11","item12"
"item2","item5","item10","item11","item13"
"item2","item5","item7","item8","item13","item14"
"item2","item5","item7","item8","item13"
"item3","item6","item7","item8","item10","item11","item12","item13","item14"
"item2","item6","item7","item8","item10","item11","item12"
"item2","item6","item10","item14"
"item2","item3","item5","item7","item8","item13","item14"
"item2","item10","item11","item14"
"item2","item8","item10","item11","item13"
"item2","item5","item6","item7","item8"
"item2","item3","item5","item7","item9","item11"
"item2","item5","item6","item7","item8","item10"
"item8","item9","item10"
"item2","item5","item8","item10","item11"
"item2","item7","item8","item10","item11","item12","item13","item14"
"item3","item8","item11"
"item2","item6","item7","item8","item10","item12","item14"
"item2","item7","item8","item10","item12","item13"
"item3","item5","item6","item7","item10","item11"
"item2","item3","item6"
"item2","item7","item8","item11","item13","item14"
"item2","item3","item10","item14"
"item2","item3","item8"
"item2","item3","item5","item6","item7","item8","item10","item11","item13","item14"
"item2","item6","item7","item8","item10","item13","item14"
"item2","item5","item6","item7","item10","item13"
"item2","item7","item8","item11"
"item2","item6","item7","item10","item12"
"item2","item6","item10","item13","item14"
"item2","item11"
"item2","item5","item7","item10","item13"
"item2","item8","item10","item13"
"item2","item3","item7","item8","item13"
"item2","item8","item12"
"item2","item5","item11"
"item2","item3","item5","item7","item8","item10","item11","item12","item13"
"item2","item8","item11"
"item2","item3","item7","item8","item12","item13"
"item2","item3","item4","item5","item7","item8","item10","item12","item13","item14"
"item2","item3","item8","item10","item13"
"item2","item5","item7","item8","item10","item12","item13","item14"
