"item5","item6","item10"
"item4","item9","item10","item12"
"item3","item4","item5","item7"
"item13"
"item2","item4","item7","item10","item13"
"item4","item5"
"item10","item14"
"item2","item4","item5","item7","item10"
"item4","item9","item10","item13"
"item5","item7","item10","item12","item13"
"item2","item4","item5"
"item3","item4","item5","item8","item10","item11","item12","item13"
"item4","item5","item14"
"item2","item3","item4","item5","item6","item7","item10","item12"
"item3","item4","item5","item10","item11"
"item3","item4","item5"
"item1","item5","item6","item10"
"item2","item3","item4","item5","item7","item10","item13"
"item2","item5","item7","item13"
"item2","item4","item5","item7","item13"
"item2","item5","item8","item10","item12","item14"
"item3","item5","item6","item10","item12","item13"
"item1","item2","item4","item5","item7","item10","item12"
"item4","item7","item10"
"item3","item4","item5","item10","item13","item14"
"item2","item4","item5","item6","item7","item10"
"item7"
"item5"
"item4","item5","item10","item11"
"item2","item4","item5","item6","item7","item10","item12","item13"
"item2","item7","item12"
"item4","item9","item10","item14"
"item1","item4","item5","item10"
"item4","item5","item10","item11","item13","item14"
"item4","item5","item7","item9","item10","item12","item13"
"item1","item2","item3","item4","item5","item6","item10","item12","item13","item14"
"item2","item5","item10","item12","item13"
"item5","item6","item9","item13","item14"
"item3","item5"
"item2","item5","item7"
"item3","item4","item5","item7","item9","item10","item14"
"item4","item5","item9","item10","item11","item12"
"item5","item6","item9","item13","item14"
"item4","item5","item10","item13"
"item2","item5","item10","item14"
"item5","item7","item8","item10","item13"
"item2","item5","item7","item10","item12"
"item3","item4","item5","item6","item10"
"item3","item5","item6","item11"
"item2","item5","item7","item10","item11"
"item1","item3","item7","item10","item13"
"item4","item5","item10"
"item2","item4","item5","item6","item7","item8","item9","item10","item11"
"item2","item4","item10"
"item2","item5","item9","item13"
"item4","item5","item14"
"item2","item5","item7","item9"
"item2","item3","item4","item7","item10","item11","item13","item14"
"item2","item4","item5","item6","item7","item10","item13","item14"
"item4","item10","item11","item14"
"item2","item3","item4","item5","item11","item14"
"item2","item3","item5","item6","item7","item10","item14"
"item3","item5","item10"
"item3","item4","item5","item6","item7","item9","item10"
"item2","item5","item9","item11","item12","item13"
"item5","item10","item13"
"item2","item3","item4","item5","item9","item10","item12"
"item2","item4","item5","item6","item7","item9","item10","item12"
"item3","item5","item6","item10","item12","item13"
"item3","item5","item6","item11"
"item2","item5","item9","item13"
"item2","item4","item5","item10","item11","item14"
"item1","item2","item7","item10","item14"
"item2","item3","item4","item5","item7","item8","item10","item13","item14"
"item2","item4","item5","item10","item14"
"item4","item7","item10","item12"
"item2","item3","item5","item7","item11","item12","item13"
"item3","item4","item12"
"item2","item4","item5","item10"
"item4","item5","item10"
"item4","item9","item10","item12"
"item10","item13"
"item1","item4","item5","item10"
"item2","item4","item5","item6","item10","item13","item14"
"item4","item5","item10"
"item2","item3","item4","item5","item7","item9","item10","item13"
"item2","item4","item5","item6","item7","item10","item12","item13"
"item4","item5","item6","item10","item13","item14"
"item4","item5","item13","item14"
"item4","item5","item9","item10","item11"
"item4","item5","item9","item10"
"item3","item5","item10"
"item3","item5","item8","item10","item11","item12","item13"
"item2","item4","item5","item10","item12"
"item2","item5","item9","item13"
"item3","item5","item7"
"item2","item4","item5","item6","item7","item10"
"item3","item4","item5","item8","item10","item11","item12","item13"
"item3","item4","item8","item11","item12","item13"
"item2","item5","item8","item10","item12","item14"
"item4","item6","item10"
"item2","item5","item10"
"item3","item4","item5","item6","item12"
"item2","item5","item10"
"item2","item3","item4","item5","item11","item14"
"item4","item5","item7","item9","item12","item13"
"item3","item4","item5","item7","item10"
"item4","item5","item7","item8","item10","item13"
"item4","item5","item7","item9","item10","item11","item12","item13"
"item2","item3","item4","item5","item6","item7","item10","item12"
"item4","item5","item10","item14"
"item2","item3","item11"
"item2","item5","item7","item9"
"item4","item10","item13"
"item2","item5","item8","item10","item12","item14"
"item4","item6","item7"
"item5","item6","item9","item10","item11"
"item4","item10","item11","item12"
"item3","item4","item5","item10"
"item10","item14"
"item4","item5","item10"
"item2","item3","item11"
"item7","item10","item13"
"item2","item4","item5","item7","item11","item13","item14"
"item2","item4","item5"
"item2","item4","item5","item10"
"item4","item5","item6","item10","item11","item13","item14"
"item4","item6"
"item3","item4","item5","item6"
"item4","item5","item6","item10"
"item4","item6"
"item5","item10"
"item5"
"item5","item7","item10","item11"
"item2","item4","item6","item10","item12","item13","item14"
"item4","item10","item11","item14"
"item4","item5","item10"
"item5","item7","item10","item12","item13"
"item2","item4","item7","item10","item13"
"item4","item6","item14"
"item2","item3","item4","item5","item9","item10","item12"
"item1","item5"
"item2","item3","item4","item9","item10","item14"
"item3","item4","item5","item6","item10","item12","item13"
"item1","item2","item4","item5","item7","item10","item12"
"item3","item4","item5","item8","item10","item11","item12","item13"
"item2","item4","item5","item10","item13"
"item4","item5","item6","item7","item10","item12"
"item4","item10","item11","item13"
"item5","item7","item10"
"item4","item9","item10","item11","item12"
"item3","item5","item6","item11","item12"
"item3","item4","item5","item7","item10"
"item4","item5","item7"
"item4","item5","item7"
"item5","item12","item13"
"item2","item4","item5","item7","item8","item9","item12","item13"
"item5","item10"
"item1","item2","item4","item8"
"item4","item5","item10"
"item2","item3","item5"
"item4","item9","item10","item12"
"item1","item2","item4","item5","item7","item10","item12"
"item4","item5","item7","item10","item13","item14"
"item4","item5","item7","item10"
"item4","item5","item6","item10","item12","item13"
"item5","item7","item10","item13"
"item4","item5","item6","item10"
"item4","item5","item9","item10","item14"
"item4","item5","item10"
"item4","item5","item10","item11","item13"
"item2","item4","item5","item7","item10"
"item3","item4","item5","item7","item12"
"item2","item4","item5","item7","item8","item10","item11","item14"
"item2","item3","item5","item10","item13"
"item6","item10","item11","item12"
"item2","item4","item8","item10"
"item2","item3","item5","item10"
"item13"
"item2","item3","item4","item5","item6","item7","item10","item12"
"item2","item4","item10","item12"
"item2","item4","item5","item6","item10","item14"
"item3","item4","item5","item7"
"item3","item4","item5","item10","item12"
"item5","item9","item10","item13"
"item2","item3","item5","item11","item13"
"item4","item5","item9","item12","item14"
"item5","item13"
"item4","item5","item9","item12","item14"
"item4","item5","item10","item13"
"item2","item3","item4","item5","item7","item10"
"item5","item10","item12"
"item5","item7","item10","item11"
"item2","item5","item9","item13"
"item4","item5","item10","item11","item13"
"item4","item5","item10","item13"
"item5","item13"
"item4"
"item4","item5","item10"
"item2","item5","item9","item13"
"item4","item5","item9","item10","item11","item12"
"item2","item5","item9","item10","item13"
"item1","item3","item4","item5","item7","item9","item10","item12","item14"
"item4","item5","item9","item10","item12"
"item2","item4","item5","item13"
"item3","item5","item6","item10","item12","item13"
"item2","item3","item4","item5","item6","item7","item10","item12"
"item2","item5","item10","item14"
"item2","item4","item5","item7","item10","item13","item14"
"item5","item10"
"item4","item5","item10","item12"
"item5","item10"
"item2","item3","item4","item5","item6","item7","item10","item11","item14"
"item3","item5","item10","item13"
"item1","item4","item5","item6","item8","item10","item13"
"item5","item8","item10","item12"
"item2","item4","item5","item10","item13","item14"
"item1","item2","item5","item10"
"item4","item5","item7","item10","item13","item14"
"item9","item13"
"item4","item6","item12"
"item4","item5","item10","item11","item12"
"item3","item4","item5"
"item2","item4","item7","item10"
"item5","item6","item10"
"item2","item3","item4","item5","item10","item13"
"item2","item3","item4","item5","item6","item7","item8","item10","item12","item13"
"item5","item10"
"item4","item5","item7","item9","item10","item12","item13"
"item4","item10","item11","item14"
"item2","item5","item8","item10"
"item2","item3","item5","item13"
"item4","item5","item7","item10","item13"
"item3","item4","item5","item10"
"item2","item3","item4","item5"
"item2","item3","item4","item5","item7","item13"
"item2","item3","item4","item5","item6","item7","item10","item12"
"item2","item4","item5","item14"
"item3","item5","item7","item13"
"item4","item5","item9","item10","item13"
"item2","item7","item10"
"item4","item5","item7","item8","item10","item13"
"item2","item4","item5","item8","item10","item11","item14"
"item2","item7","item13"
"item3","item4","item5","item6","item9","item10"
"item5","item7","item10"
"item4","item5","item9","item10","item12"
"item1","item13"
"item4","item10","item11","item12"
"item4","item5","item9","item10","item12"
"item2","item3","item4","item5","item10","item13","item14"
"item2","item5","item10","item11","item12"
"item2","item4"
"item5","item7","item8","item10"
"item1","item2","item3","item4","item5","item6","item10","item12","item13","item14"
"item3","item4","item5","item6","item7","item10","item12"
"item1","item2","item3","item4","item5","item7","item10","item11","item13"
"item4","item5","item7","item9","item10","item12","item13"
"item2","item5"
"item5","item10","item12","item13"
"item1","item2","item4","item6","item7","item14"
"item2","item3","item4","item5","item7","item10","item12","item13"
"item1","item3","item4","item5","item6","item11","item12"
"item2","item3","item4","item5","item6","item7","item10","item12"
"item1","item2","item4","item5","item14"
"item2","item4","item6","item9","item10","item13"
"item3","item4","item5","item7","item9"
"item1","item3","item10"
"item5","item10"
"item4","item7","item10"
"item4","item5","item6","item12"
"item2","item4","item5","item6","item10","item13"
"item1","item2","item3","item4","item6","item10","item12","item13","item14"
"item1","item2","item4","item5","item7","item13"
"item5","item6","item10"
"item4","item5","item6","item10","item14"
"item4","item5","item7"
"item3","item4","item5","item7","item10","item11"
"item4","item5","item7","item11","item12"
"item5","item7"
"item2","item5"
"item3","item5","item10"
"item4","item7","item9","item10","item12","item13"
"item5","item8","item10"
"item2","item3","item4","item5"
"item2","item7"
"item5","item10"
"item2","item4","item5","item10","item13"
"item1","item4","item5","item9","item10","item12","item13"
"item4","item10"
"item2","item3","item4","item5","item7","item9","item10","item13"
"item3","item4","item5","item6","item7"
"item2","item4","item5","item9","item10"
"item2","item4","item5","item9"
"item2","item4","item5","item10"
"item2","item3","item4","item5","item6"
"item3","item4","item5","item6","item10","item13"
"item2","item5","item10","item12"
"item3","item4","item5","item10"
"item4","item5","item8"
"item2","item5","item9","item13"
"item4","item5","item7"
"item4","item5","item10","item12"
"item2","item4","item5","item7","item10","item12","item14"
"item4","item5","item7","item11"
"item4","item5","item7","item10","item13"
"item10"
"item2","item3","item4","item5","item6","item7","item9","item10","item11","item13"
"item4","item5","item10","item12"
"item3","item4","item5","item9"
"item5","item13"
"item3","item4","item5","item6","item10","item12","item13","item14"
"item2","item4","item5","item10","item12"
"item3","item5","item7","item10"
"item13"
"item1","item2","item3","item5","item7","item9","item10"
"item3","item5","item8","item10","item11","item12","item13"
"item3","item5","item7","item10"
"item2","item5","item7","item9","item10","item13"
"item11","item12"
"item1","item3","item5","item10","item11"
"item4","item9","item10","item12","item14"
"item2","item4","item5","item7"
"item3","item4","item5","item6","item7","item10","item12"
"item2","item4","item7","item8","item11","item12"
"item2","item4","item7"
"item2","item3","item5","item11"
"item1","item2","item4","item5","item7","item10","item12"
"item3","item4","item5","item9","item10"
"item2","item4","item5","item9"
"item2","item3","item5","item7","item10"
"item2","item10"
"item2","item5","item7","item9"
"item4","item5","item10"
"item4","item5","item10","item13"
"item2","item3","item4","item5","item10","item11","item12","item13"
"item4","item6"
"item4","item5","item9","item10","item13"
"item4","item8","item10"
"item2","item3","item4","item5","item11","item14"
"item3","item4","item5","item6"
"item5","item6","item10"
"item2","item4","item10","item12","item13"
"item2","item4","item5","item11","item12"
"item1","item10","item13"
"item4","item5","item9","item10","item11","item12"
"item9","item13"
"item4","item5","item13"
"item1","item3","item4","item10","item13"
"item1","item2","item4","item5","item10"
"item4","item9","item10","item13"
"item4","item5","item7","item10","item11"
"item4","item5","item10"
"item2","item4","item5","item10","item12"
"item2","item5","item8","item10"
"item2","item5"
"item2","item3","item5","item10"
"item4","item5","item10","item11","item12"
"item1","item2","item3","item4","item5","item6","item11","item12"
"item9","item10","item12"
"item2","item4","item7","item10","item13"
"item3","item4","item5","item7","item10","item12"
"item4","item5","item7","item9","item10","item11","item12"
"item2","item5","item9","item13"
"item3","item4","item5","item6"
"item3","item4","item5","item6","item7"
"item5","item9"
"item4","item5","item10","item13"
"item2","item4","item10","item12","item13"
"item2","item5","item10","item14"
"item2","item4","item5","item10"
"item2","item4","item5","item6","item10","item14"
"item2","item4","item5","item9","item10","item14"
"item4","item5","item7","item8","item10","item12"
"item4","item14"
"item3","item4","item5","item6","item7"
"item4","item5","item7","item10"
"item5","item8","item13"
"item5","item10","item14"
"item4","item5","item10","item13"
"item2","item5","item7","item9"
"item2","item3","item6","item7","item10","item14"
"item1","item2","item4","item5","item10","item11","item12"
"item5","item9"
"item5","item9","item10"
"item1","item3","item4","item5","item6","item11","item12"
"item1","item3","item4","item5","item6","item9","item10","item11","item12","item14"
"item4","item5","item10","item14"
"item2","item10","item12","item13"
"item5","item9"
"item3","item4","item5","item10","item11","item12","item13","item14"
"item2","item4","item5","item7","item10","item11","item12","item13"
"item3","item4","item5","item10","item12"
"item2","item3","item4","item5","item10","item12","item13"
"item7"
"item2","item4","item5","item7","item10","item11","item12","item14"
"item3","item4","item5","item10"
"item2","item4","item5","item10"
"item1","item3","item4","item5","item6","item13","item14"
"item2","item3","item4","item5","item6","item7","item8","item9","item14"
"item4","item5","item7"
"item10"
"item3","item4","item5","item6","item7","item10"
"item2","item3","item5","item9","item13"
"item1","item3","item4","item5","item9","item10","item12","item14"
"item2","item5","item7","item13"
"item2","item4","item5","item10","item11"
"item3","item4","item5","item6"
"item2","item3","item4","item5","item6","item7","item10","item12"
"item1","item2","item4","item5","item7","item10","item12"
"item1","item3","item4","item5","item7","item10","item13"
"item2","item5","item13"
"item5","item10"
"item4","item5","item7","item11","item13"
"item4","item9","item10","item13"
"item3","item4","item5","item9","item10","item12"
"item2","item4","item5","item6","item12"
"item4","item5","item6","item12"
"item2","item3","item4","item5","item6","item7","item10","item12"
"item3","item4","item5","item6","item7","item10","item13"
"item3","item5","item6","item10","item12","item13"
"item2","item3","item4","item5","item7","item10","item11","item12"
"item4","item5","item7","item10","item11","item12"
"item2","item4","item10","item12","item13"
"item4","item10","item13"
"item2","item3","item4","item5","item7","item10","item11","item12","item13","item14"
"item4","item5","item10","item11","item13"
"item3","item4","item7"
"item4","item5","item7","item9","item10"
"item4","item5","item14"
"item3","item5","item10","item11"
"item1","item2","item5","item7","item10","item14"
"item1","item2","item4","item5","item7","item8","item11","item12","item13","item14"
"item1","item2","item4","item5","item9","item10","item13"
"item4","item5","item9","item10"
"item4","item5","item10"
"item2","item3","item4","item5","item6","item7","item10","item12"
"item4"
"item2","item3","item4","item5","item11","item14"
"item2","item5","item9","item13"
"item4","item5","item7","item13"
"item4","item5","item7","item10","item11"
"item2","item3","item4","item5","item6","item7","item10"
"item3","item4","item5","item6","item10","item12","item14"
"item5","item7","item10","item11","item12"
"item4","item5","item6","item10","item13","item14"
"item2","item4","item5","item9","item13"
"item5"
"item3","item4","item5","item7"
"item2","item3","item5","item6","item13"
"item2","item4","item5","item9","item10","item14"
"item1","item4","item5","item9","item10","item12"
"item5","item7"
"item2","item5","item6","item7","item9","item10"
"item4","item5","item6","item10","item13"
"item3","item5","item10","item11"
"item2","item4","item7"
"item3","item4","item5","item11","item13"
"item1","item4","item5","item7","item10"
"item4","item5","item7","item10","item12","item13"
"item2","item4","item7","item10","item11"
"item4","item5","item6","item10","item14"
"item3","item4","item5","item6"
"item2","item4","item5","item8","item10"
"item3"
"item1","item4"
"item4","item5","item8","item10"
"item4","item5","item7","item10","item12"
"item4","item5","item10","item13"
"item3","item4","item5","item12"
"item2","item5","item7","item13"
"item3","item5","item6","item10","item12","item13"
"item4","item5","item14"
"item3","item4"
"item2","item3","item4","item5","item7","item8","item10","item14"
"item2","item3","item4","item5","item10","item11"
"item4","item5","item7","item10"
"item7","item10"
"item4","item5","item6"
"item7","item10","item12"
"item4","item5","item9","item10"
"item5","item12"
"item2","item4","item5","item6","item7","item10"
"item5","item7"
"item2","item3","item4","item5","item10","item11","item13"
"item2","item4","item5","item6"
"item2","item4","item7","item10"
"item4","item5","item9","item12","item14"
"item2","item4","item5","item6","item10","item14"
"item4","item5","item6","item10"
"item3","item4","item5","item7"
"item2","item4","item10","item13"
"item1","item2","item3","item4","item5","item6","item10","item12","item13","item14"
"item5","item6","item10","item14"
"item4","item7","item8","item10"
"item4","item5","item7","item10","item11","item12"
"item6","item7"
"item4","item5","item10","item11","item13"
"item2","item4","item5","item6","item8","item10","item11","item14"
"item2","item3","item4","item5","item10","item12","item13"
"item4","item9","item12"
"item2","item5","item6","item10","item11","item12","item13","item14"
"item4","item5","item7","item10","item12","item13"
"item1","item2","item3","item4","item5","item6","item10","item12","item13"
"item1","item3","item4","item5","item6","item10","item11","item12"
"item4","item10","item12"
"item5","item7","item10"
"item2","item3","item4","item5"
"item2","item4","item7","item10","item13"
"item4","item9","item10","item12"
"item3","item4","item7","item10"
"item1","item3","item4","item5","item6","item11","item12"
"item3","item4","item5","item8","item10","item11","item12","item13"
"item3","item4","item5","item6","item7"
"item5","item10"
"item2","item4","item5","item10"
"item2","item3","item4","item5","item7","item8","item10","item13","item14"
"item4","item5","item9","item12"
"item2","item4","item5","item13"
"item4","item5","item6","item10"
"item4","item11","item13"
"item1","item4","item10"
"item3","item4","item5","item7","item9","item10","item12"
"item2","item5","item7","item13"
"item4","item5","item13"
"item5","item9","item10"
"item5","item6","item10","item14"
"item1","item2","item3","item4","item5","item10","item11"
"item2","item4","item10","item12","item13"
"item2","item4","item5","item6","item7","item10"
"item4","item5","item7","item10","item13","item14"
"item3","item5","item10","item11","item13"
"item2","item4","item5","item9","item10"
"item2","item3","item4","item5","item7"
"item2","item5","item7","item13"
"item4","item10"
"item2","item3","item4","item5","item6","item7","item10","item13"
"item4","item10","item14"
"item1","item2","item4","item5","item7","item10","item13"
"item3","item5","item6","item10","item12","item13"
"item3","item4","item5","item7","item10","item13"
"item3","item5","item10","item11"
"item2","item3","item5","item13"
"item2","item4","item5","item6","item10","item11","item14"
"item3","item4","item5","item8","item10","item11","item12","item13"
"item3","item4","item5","item10","item12"
"item2","item3","item5","item6","item7","item10","item14"
"item3","item5","item7","item12","item14"
"item4","item5","item7","item8","item10","item13"
"item2","item4","item5","item7","item10","item12","item13","item14"
"item4","item5","item6","item10"
"item4","item5","item7","item13"
"item5","item10"
"item3","item10"
"item4","item5","item7","item11"
"item2","item4","item5","item8","item12"
"item3","item4","item5","item14"
"item4","item5","item7","item9","item10","item12","item13"
"item4","item5"
"item2","item3","item5","item9","item10","item11","item13"
"item5","item9","item10"
"item2","item4","item12"
"item4","item5","item7"
"item1","item2","item4","item5","item7","item10","item12"
"item2","item4","item5","item10","item12"
"item9","item13"
"item6","item10","item11","item12"
"item2","item3","item4","item5","item10","item12","item13"
"item1","item4","item5","item7"
"item2","item3","item4","item5","item7","item8","item10","item13","item14"
"item1","item3","item4","item5","item6","item11","item12"
"item2","item3","item4","item5","item9","item11","item12","item13"
"item2","item4","item5","item8","item10","item11","item14"
"item3","item4","item5","item6","item11","item12"
"item1","item2","item4","item5","item10","item12"
"item6","item7"
"item3","item14"
"item2","item5","item9","item13"
"item4","item5"
"item4","item10","item11","item14"
"item4","item7","item10","item11","item12"
"item2","item5","item8","item10","item12","item14"
"item5","item7","item10"
"item3","item4","item5","item6","item7","item8","item10"
"item1"
"item1","item3","item4","item5","item6","item11","item12"
"item2","item4","item5","item7","item9","item10","item11","item12","item13"
"item1","item3","item4","item9","item10","item12"
"item4","item5","item7"
"item1","item3","item4","item5","item10"
"item2","item4","item9","item10","item11","item13"
"item2","item4","item7","item10","item13"
"item4","item5","item10","item14"
"item4","item5","item10"
"item2","item4","item5","item6","item7","item9","item10","item13"
"item2","item4","item5","item9","item13"
"item1","item2","item5","item6","item10","item11"
"item1","item3","item4","item5","item6","item11","item12"
"item4","item5","item7","item11"
"item1","item3","item4","item5","item6","item11","item12"
"item4","item5","item6","item10","item13"
"item2","item3","item4","item5","item6"
"item5","item6"
"item2","item3","item4","item5","item10","item12"
"item3","item4","item5","item10","item11","item12","item13"
"item4","item5","item7","item10"
"item3","item4","item5","item6","item10","item12","item14"
"item1","item2","item5","item7","item10","item14"
"item5"
"item2","item5","item10"
"item3","item4","item5","item6","item7","item8","item10","item11","item12","item13"
"item5","item10","item12"
"item2","item5","item9","item13"
"item4","item5","item10"
"item3","item4","item5"
"item2","item5","item7","item9"
"item4","item5","item7","item8","item10","item13"
"item2","item4","item10","item12","item13"
"item2","item3","item4","item5","item6","item7","item10","item12"
"item5","item13"
"item4"
"item4","item5","item7","item9","item10","item13","item14"
"item4","item7","item9","item10","item12"
"item5"
"item2","item4","item5","item7","item10","item12","item13"
"item1","item4","item5","item7","item10"
"item5","item8","item10","item12"
"item10","item14"
"item2","item3","item4"
"item3","item4","item5","item10","item12"
"item2","item3","item5","item13"
"item2","item3","item4","item5","item6","item7","item10","item11","item12","item13"
"item2","item3","item5"
"item4","item5","item7","item10","item12","item13"
"item1","item2","item4","item5","item11"
"item3","item5","item6"
"item2","item5","item10","item13"
"item2","item4","item5","item9","item10","item13"
"item2","item4","item5","item6","item7","item13","item14"
"item1","item4","item5","item6","item10","item12"
"item7","item10"
"item2","item8","item11"
"item5","item10","item12","item13"
"item4","item5","item7","item8","item10","item13"
"item2","item3","item4","item5","item10","item11","item13"
"item3","item5","item10","item11"
"item3","item4","item5","item10","item12"
"item5","item10"
"item2","item3","item5","item11"
"item4","item5","item8"
"item2","item3","item5","item11"
"item3","item5","item9","item10"
"item5"
"item2","item3","item4","item5","item7","item8","item10","item13","item14"
"item3","item4","item5","item13","item14"
"item3","item4","item5"
"item4","item5","item7"
"item2","item3","item7","item8"
"item4","item5","item9"
"item4","item9","item10","item12"
"item2","item4","item5","item7","item10","item12","item13"
"item4","item5","item8","item10","item13"
"item2","item3","item5","item7","item12","item13"
"item5","item6","item8","item11","item12"
"item4","item5","item7","item10"
"item3","item4","item5","item7","item13"
"item9","item10"
"item1","item2","item5","item8","item11","item12","item13","item14"
"item2","item4","item5","item9","item13"
"item2","item5","item8","item10"
"item6","item11","item12"
"item3","item4","item5","item6"
"item10"
"item4","item10","item11","item12"
"item1","item5","item10","item14"
"item2","item3","item4","item5","item6","item9","item12"
"item4","item5","item8","item13"
"item3","item4","item5","item11","item13"
"item3","item4","item11","item13"
"item1","item2","item3","item4","item5","item6","item7","item8","item10","item12","item13","item14"
"item2","item4","item5","item7","item13","item14"
"item4","item5","item14"
"item2","item4","item7","item10","item13"
"item5","item7","item8","item14"
"item2","item4","item7","item8","item11","item12"
"item3","item10"
"item4","item9","item10"
"item1","item2","item4","item5","item9","item13"
"item2","item5","item9","item13"
"item2","item3","item5","item6","item7","item9"
"item3","item4","item5","item9","item12","item14"
"item1","item2","item4","item5","item8","item11","item12","item13","item14"
"item4","item5","item7","item10","item13","item14"
"item5","item10","item12","item13"
"item2","item4","item7","item10","item13"
"item2","item4","item5","item9","item10","item12"
"item5","item10","item12"
"item2","item7"
"item3","item4","item5","item6","item10"
"item4","item5","item6","item7","item10","item14"
"item5","item10"
"item4","item5","item7","item9","item10","item12","item13"
"item3","item5","item7","item10"
"item3","item8","item9","item10"
"item5","item7","item10"
"item1","item4","item5","item10","item12"
"item2","item4","item5","item7","item9","item13"
"item4","item5","item10"
"item2","item3","item4","item5","item7","item10"
"item2","item5","item10","item13"
"item2","item5","item6","item10"
"item5","item7"
"item2","item4","item7","item9","item10","item13"
"item3","item4","item5","item10","item13","item14"
"item2","item5","item8","item10","item12","item14"
"item2","item3","item4","item5","item10","item12","item13"
"item3","item5","item6","item7","item8","item10","item12"
"item4","item5","item10","item13"
"item1","item4","item5","item6","item10","item13","item14"
"item2","item4","item5","item7","item10","item11","item12"
"item4","item5","item13"
"item2","item4","item5"
"item2","item4","item5","item6","item7","item9","item10","item13"
"item3","item4","item5","item7"
"item4","item10","item11","item14"
"item2","item4","item5","item8","item12"
"item3","item4","item5"
"item1","item3","item4","item5","item6","item11","item12"
"item2","item3","item4","item5","item6","item7","item10","item12"
"item1","item2","item4","item5","item7","item10"
"item2","item4","item5","item7","item8","item9","item10","item11","item14"
"item2","item4","item5","item6","item7","item10","item12"
"item4","item5","item7","item13"
"item2","item4","item7","item10"
"item5","item6","item10","item14"
"item2","item3","item4"
"item5","item7","item10","item13"
"item4","item5","item9","item12","item14"
"item1","item2","item3","item4","item5","item6","item10","item12","item13","item14"
"item2","item4","item5","item7","item10","item12","item14"
"item4","item5","item10"
"item2","item4","item5","item7","item9","item10","item12"
"item2","item4","item5","item10","item12","item13"
"item2","item4","item5","item9"
"item4","item10","item11","item14"
"item7","item10"
"item3"
"item1","item3","item4","item5","item6","item11","item12"
"item4","item5","item10","item13"
"item2","item4","item5","item7","item10","item13"
"item2","item4","item5","item7","item10","item12","item13"
"item4","item5","item6","item7","item13"
"item5","item10","item13"
"item3","item5","item7","item10","item13","item14"
"item2","item5","item8"
"item2","item3","item5","item6","item13"
"item2","item4","item5","item7","item10","item12","item14"
"item4"
"item2","item4","item5","item7","item13"
"item2","item4","item5","item7","item8","item11","item12"
"item4","item5","item13"
"item2","item3","item5","item6","item7","item9","item14"
"item13"
"item9","item13"
"item2"
"item1","item2","item4","item5","item7","item10","item14"
"item2","item4","item5","item7","item10","item11","item12","item14"
"item4","item10","item11","item14"
"item4","item5","item7","item10","item11","item14"
"item3","item4","item5","item6","item7"
"item5","item7","item13"
"item4","item10","item13"
"item2","item3","item5"
"item2","item10","item14"
"item5","item8","item10","item12"
"item2","item4","item5","item7","item10","item12"
"item2","item5","item9","item13"
"item9","item10","item13"
"item3","item4","item5","item10","item11","item13"
"item2","item5","item10","item12"
"item4","item5","item9","item10","item12"
"item4","item5","item7","item8","item10","item13"
"item4","item5","item7","item9","item10","item12","item13"
"item2","item5","item7","item13"
"item4","item5","item7","item8","item10","item13"
"item2","item3","item5","item6","item7","item10","item14"
"item1","item2","item5","item7","item10","item13"
"item2","item3","item5","item11"
"item3","item4","item5","item6","item10","item11","item12","item14"
"item5","item7","item10"
"item2","item3","item5","item6","item7","item10","item14"
"item4","item5","item6"
"item4","item5","item6","item10","item13","item14"
"item3","item4","item5","item12"
"item3","item4","item5"
"item2","item11"
"item3","item5","item6","item10","item12","item13"
"item4","item5","item8"
"item2","item7","item8","item11"
"item2","item5","item7","item10","item12"
"item1","item4","item5","item9","item11","item13"
"item2","item4","item7"
"item2","item5","item9","item13"
"item2","item4","item5","item10"
"item4","item5","item10","item11"
"item2","item3","item5","item6","item9","item10","item11","item13"
"item1","item2","item3","item4","item5","item6","item10","item11","item12","item13"
"item10"
"item5","item7","item12","item14"
"item4","item5","item8"
"item5","item7","item13","item14"
"item5","item7","item8","item9","item13"
"item4","item5","item6","item10"
"item5","item7","item9","item12","item14"
"item4","item9","item10"
"item1","item2","item3","item4","item8","item12"
"item4","item5","item7"
"item3","item4","item5","item6","item7","item8","item10"
"item4","item5","item11"
"item2","item3","item5","item9"
"item2","item3","item4","item5","item11"
"item2","item4","item5","item10","item11","item12"
"item5","item7","item10","item11","item13"
"item5"
"item1","item2","item4","item5","item6","item10","item13"
"item5","item7","item10","item11"
"item2","item3","item4","item5","item7","item8","item10","item13"
"item4","item9","item10","item12"
"item4","item5","item14"
"item5","item10","item13"
"item3","item4","item5","item6","item10","item13"
"item1","item4","item5","item7","item10"
"item5","item13"
"item4","item5","item14"
"item1","item3","item4","item5","item6","item10","item11","item12","item13"
"item2","item3","item4","item5"
"item10"
"item3","item4","item5"
"item4","item5","item9","item10","item12"
"item1","item2","item3","item4","item5","item6","item10","item12","item13","item14"
"item4","item9","item10","item13"
"item3","item5","item6","item10","item12","item13"
"item4","item5","item10","item11","item13"
"item2","item4","item5","item8","item12"
"item7","item10","item12"
"item4","item5","item7","item8","item10","item13"
"item2","item4","item5","item7","item10","item13","item14"
"item6","item10","item11","item12"
"item2","item4","item5","item9"
"item2","item3","item4","item5","item6"
"item2","item4","item5","item7","item8","item12"
"item13"
"item2","item5","item13"
"item3","item4","item5","item10","item12","item13"
"item1","item2","item3","item4","item5","item6","item10","item12","item13","item14"
"item4","item5","item7","item10","item11"
"item2","item4","item5","item7","item10","item12","item13"
"item2","item4"
"item2","item3","item10","item12"
"item2","item4","item5","item7","item8","item10","item13"
"item5","item6","item10","item14"
"item3","item4","item7","item9","item10","item12","item14"
"item2","item4","item10","item11","item12","item13"
"item2","item4","item5","item6","item7","item10"
"item3","item5","item10","item11","item13"
"item4","item5","item10","item13"
"item3","item5","item13"
"item2","item4","item5","item14"
"item4","item5","item6","item9","item10","item12","item13"
"item2","item3","item4","item5","item6","item7","item10","item12"
"item1","item2","item3","item4","item5","item10","item12","item13","item14"
"item4","item5","item8","item10","item13"
"item4","item12"
"item3","item4","item5","item7","item10"
"item4","item5","item10"
"item4","item13"
"item2","item5","item13"
"item4"
"item1","item3","item4","item5","item7","item9","item10","item12","item14"
"item1","item3","item4","item5","item6","item11","item12"
"item4","item5","item7","item8","item10","item13"
"item2","item3","item4","item13"
"item4"
"item4","item7","item10","item11","item12"
"item2","item4","item5","item10","item13"
"item4","item5","item6","item10","item13","item14"
"item2","item5","item10","item12"
"item1","item10","item12","item13"
"item4","item5","item7","item10","item13"
"item4","item5","item10","item12"
"item4","item10"
"item2","item3","item5","item10"
"item4","item5","item7","item8","item10","item13"
"item4","item9","item12","item14"
"item2","item10"
"item4","item5","item7","item10","item11"
"item5","item7","item9","item10","item12","item13"
"item6","item7"
"item3","item4","item5","item7","item13"
"item2","item4","item7","item10"
"item4","item5","item10","item13"
"item4","item5"
"item3","item5","item6","item10","item12"
"item4","item6","item7","item10"
"item10","item13"
"item2","item4","item5","item10","item13"
"item10","item11"
"item5","item7"
"item1","item4","item5","item7","item10","item11","item12"
"item2","item4","item7","item10","item12","item13"
"item5","item9","item14"
"item1","item5"
"item3","item4","item7","item10","item11","item12"
"item2","item4","item5","item8","item10","item13"
"item2","item5","item6","item7","item10","item13"
"item2","item4","item10"
"item4","item9","item10","item12"
"item3","item4","item12"
"item2","item5","item9","item13"
"item2","item7","item10"
"item2","item5","item7","item13"
"item10"
"item5","item6","item9","item14"
"item1","item3","item4","item5","item7","item9","item10","item12","item14"
"item7","item13"
"item4","item5","item7"
"item2","item3","item4","item5","item6","item7","item10","item12"
"item4","item5","item7","item10","item11","item12"
"item4","item9","item10","item14"
"item4","item12","item13"
"item2","item4","item5","item8","item12"
"item4","item10","item12"
"item4","item5","item9","item10"
"item3","item4","item5","item7"
"item2","item3","item4"
"item12","item13"
"item2","item4","item5","item10"
"item3","item10","item11","item13"
"item10"
"item2","item8","item11"
"item3","item5","item10"
"item1","item2","item5","item7","item10","item14"
"item4","item5","item7"
"item4","item5","item7","item9","item10","item12","item13"
"item1","item3","item4","item5","item6","item10","item11","item12","item13"
"item2","item3","item4","item5","item7","item10","item12","item13"
"item2","item4","item6"
"item5","item6","item11"
"item3","item4","item5","item10","item13","item14"
"item4","item5","item7","item8","item10","item13"
"item2","item4","item5","item13"
"item5","item13"
"item4","item5","item6","item10","item13","item14"
"item2","item3","item5","item10"
"item1","item3","item4","item5","item7","item9","item10","item12","item14"
"item1","item2","item3","item4","item7","item9","item11"
"item7","item10"
"item2","item4","item7","item10","item13"
"item1","item3","item4","item5","item6","item10","item11","item12"
"item2","item5","item7","item9"
"item2","item4","item5","item7","item9","item10","item11","item13","item14"
"item5","item7"
"item1","item4","item5","item10"
"item4","item5","item7","item8","item10","item13"
"item2","item5","item10","item12"
"item4","item9","item10","item12"
"item1","item2","item3","item4","item5","item6","item7","item11","item12","item14"
"item2","item3","item4","item5","item10","item12","item13"
"item10"
"item1","item2","item5","item8","item11","item12","item13","item14"
"item2","item3","item5","item6"
"item2","item3","item4","item5","item10","item12","item13"
"item2","item4","item5"
"item1","item2","item5","item8","item11","item12","item13","item14"
"item2","item8","item11"
"item11","item12"
"item2","item3","item4","item5","item6","item10","item13"
"item4","item5","item7","item8","item9","item10","item12","item14"
"item2","item4","item5","item7","item9","item10","item12","item13"
"item2","item4","item5","item6","item7","item8","item10","item13","item14"
"item4","item7","item10"
"item7"
"item3","item5","item6","item9","item10","item12","item13"
"item4","item5","item10","item11"
"item2","item4","item5","item7","item10","item13"
"item2","item4","item5","item6","item7","item9","item10","item11","item12","item13","item14"
"item5","item7"
"item1","item10"
"item4","item5","item13"
"item5","item6","item9","item13","item14"
"item2","item3","item4","item5","item6","item7","item10","item12"
"item2","item3","item4","item5","item12","item13"
"item5","item6","item10","item14"
"item2","item3","item4","item5"
"item3","item4","item6","item10"
"item4","item10"
"item4","item5","item7","item9","item10","item12","item13"
"item2","item3","item5","item9","item13"
"item4","item5","item9","item10"
"item4","item5","item7","item10","item11","item13"
