"item1","item3","item5","item8","item12"
"item1","item3","item10","item11"
"item5","item9","item12"
"item3","item10"
"item1","item3","item8","item11"
"item1","item3","item4","item5","item8","item11"
"item1","item3","item4","item5","item7","item8","item9","item10","item11","item12"
"item3","item5","item10","item11"
"item1","item3","item8"
"item1","item3","item5","item8","item9","item10","item11","item12"
"item3","item4","item8","item9","item12"
"item1","item3","item8","item9","item10","item11"
"item10"
"item1","item3","item10","item12"
"item1","item3","item5","item9","item10","item11"
"item1","item3","item5","item8","item10","item11","item12"
"item3","item9","item10"
"item10","item11"
"item11"
"item1","item8","item11","item12"
"item3","item4","item8","item9","item11"
"item3","item8","item9","item12"
"item4","item8","item9","item11"
"item1","item8","item9","item11"
"item3","item8","item10","item11"
"item3","item5","item8","item9","item10","item11"
"item1","item8","item9","item10"
"item3","item8","item9","item10","item11"
"item8","item9","item11"
"item1","item3","item8","item10","item11","item12"
"item1","item11"
"item1","item3","item4","item5","item8","item9","item10","item11","item12"
"item3","item5","item9","item10","item11","item12"
"item3","item9","item11"
"item1","item3","item4","item5","item8","item10","item11"
"item3","item9","item11"
"item3","item9","item11"
"item1","item4","item5","item8","item10","item11","item12"
"item3","item5"
"item1","item11"
"item3","item5","item8","item11"
"item1","item5","item9","item11"
"item9","item11"
"item1","item4","item5","item8","item9","item10","item11"
"item1","item2","item3","item4","item5","item8","item12"
"item1","item3","item5","item8","item12"
"item4","item5","item8","item10","item12"
"item1","item3","item5","item8","item9","item10","item12"
"item3","item4","item5","item8"
"item3","item4","item8","item9","item12"
"item11"
"item3","item4","item8","item9","item10","item11"
"item3","item8"
"item3","item8","item9","item10"
"item1","item3","item5","item7","item8","item9","item12"
"item3","item9","item11"
"item1","item3","item8","item10","item12"
"item1","item3","item5","item8","item10","item11"
"item1","item3","item5","item8","item9","item12"
"item3","item9","item10"
"item1","item9","item10"
"item5","item8","item10"
"item5","item8","item9","item10"
"item3","item8","item9"
"item1","item5","item7","item8","item10"
"item3","item12"
"item1","item3","item5","item8","item9","item11","item12"
"item1","item3","item4","item9","item10","item12"
"item1","item3","item8","item9"
"item1","item5","item8","item9","item10","item11"
"item1","item3","item8","item10","item11","item12"
"item1","item5"
"item1","item5","item8","item10","item11"
"item1","item3","item5","item8","item10","item12"
"item1","item5","item8","item10","item11","item12"
"item4","item5","item8","item9"
"item1","item3","item5","item9","item10","item12"
"item2","item5","item8"
"item1","item3","item10","item12"
"item1","item5","item9"
"item1","item3","item5","item8","item9","item10","item11"
"item3","item5","item8","item9","item11"
"item1","item4","item5","item8","item9","item10"
"item1","item3","item5","item8","item10","item12"
"item1","item5"
"item1","item3","item8","item11"
"item3","item8","item9","item12"
"item1","item3","item4","item5","item8","item9","item11"
"item1","item3","item5","item8","item9","item10","item11"
"item3","item8","item9","item10","item11","item12"
"item3","item5","item8","item9","item11"
"item3","item4","item8","item9","item11","item12"
"item1","item3","item4","item5","item8","item10"
"item1","item3","item11"
"item3","item5","item8","item9","item10","item11"
"item3","item5","item8","item9","item10"
"item1"
"item3","item5","item8","item10","item11","item12"
"item1","item8","item9","item11"
"item3","item9","item10","item12"
